app	session_id	token	state	action	update_time	note
budgetpilot	15886593282367650958	token2	COMPLETED	SKIP_COMPLETED	2026-04-18T17:42:43.427327Z	No action needed
ghostwriter	11944992533179204940	token2	FAILED	SKIP_FAILED	2026-04-18T18:13:34.986701Z	No action needed
invoiceprocessor	4518192338480615669	token2	COMPLETED	SKIP_COMPLETED	2026-04-18T17:42:22.653386Z	No action needed
jobcraftai	8897805114648322438	token2	COMPLETED	SKIP_COMPLETED	2026-04-18T18:10:15.908879Z	No action needed
seointelligence	16707678836168718622	token2	COMPLETED	SKIP_COMPLETED	2026-04-18T17:42:07.124681Z	No action needed
videonarrator	718683161751977503	token2	FAILED	SKIP_FAILED	2026-04-18T18:54:50.533486Z	No action needed
securitypulse	5700557582738563198	token2	COMPLETED	SKIP_COMPLETED	2026-04-18T18:23:56.962382Z	No action needed
supportintelligence	5951696224690940275	token2	COMPLETED	SKIP_COMPLETED	2026-04-18T18:30:37.579855Z	No action needed
auditready	6132724446338429562	token2	FAILED	SKIP_FAILED	2026-04-18T18:26:35.067062Z	No action needed
constructioniq	12484009687715377415	token2	COMPLETED	SKIP_COMPLETED	2026-04-18T17:52:39.051668Z	No action needed
contentos	2001629973236646309	token2	COMPLETED	SKIP_COMPLETED	2026-04-18T17:49:58.897524Z	No action needed
dependencyradar	10476145740205165805	token2	COMPLETED	SKIP_COMPLETED	2026-04-18T17:51:13.874837Z	No action needed
licenseguard	3647109380060510914	token2	COMPLETED	SKIP_COMPLETED	2026-04-18T17:45:35.820164Z	No action needed
nexus-hub	11067458382281526585	token2	COMPLETED	SKIP_COMPLETED	2026-04-18T18:41:08.881114Z	No action needed
policyforge	2651947589372957447	token2	COMPLETED	SKIP_COMPLETED	2026-04-18T18:27:00.585807Z	No action needed
dataqualityai	9167562134944026423	token2	COMPLETED	SKIP_COMPLETED	2026-04-18T18:03:58.126799Z	No action needed
deploysignal	3397430458721580045	token2	COMPLETED	SKIP_COMPLETED	2026-04-18T17:56:42.222081Z	No action needed
goaltracker	6937620421666913542	token2	COMPLETED	SKIP_COMPLETED	2026-04-18T18:34:33.517983Z	No action needed
cashflowanalyzer	4900140116319403212	token1	COMPLETED	SKIP_COMPLETED	2026-04-18T19:02:00.320854Z	No action needed
complianceradar	13478445033015374620	token1	COMPLETED	SKIP_COMPLETED	2026-04-18T18:40:48.342943Z	No action needed
copyoptimizer	4266424115610592406	token1	COMPLETED	SKIP_COMPLETED	2026-04-18T19:18:51.703344Z	No action needed
financenarrator	3328692350475125981	token1	COMPLETED	SKIP_COMPLETED	2026-04-18T18:37:13.964268Z	No action needed
legalresearch	2404178606070926527	token1	COMPLETED	SKIP_COMPLETED	2026-04-18T18:52:57.420431Z	No action needed
performancenarrative	8803006588688803416	token1	COMPLETED	SKIP_COMPLETED	2026-04-18T18:21:21.346655Z	No action needed
regulatoryfiling	11787127804330841378	token1	COMPLETED	SKIP_COMPLETED	2026-04-18T18:09:25.543917Z	No action needed
cashflowai	16377395713177902081	token1	COMPLETED	SKIP_COMPLETED	2026-04-18T20:20:32.163151Z	No action needed
compbenchmark	12532375663862634938	token1	FAILED	SKIP_FAILED	2026-04-18T19:00:36.682714Z	No action needed
contractportfolio	531065711287280895	token1	COMPLETED	SKIP_COMPLETED	2026-04-18T19:19:15.881935Z	No action needed
debtnavigator	3619541537748462447	token1	COMPLETED	SKIP_COMPLETED	2026-04-18T19:09:55.132001Z	No action needed
equityintelligence	6660337237848742267	token1	COMPLETED	SKIP_COMPLETED	2026-04-18T18:08:03.914748Z	No action needed
localizationos	13602669080360029185	token3	COMPLETED	SKIP_COMPLETED	2026-04-18T19:10:28.971304Z	No action needed
procurebot	11203919572712858927	token3	COMPLETED	SKIP_COMPLETED	2026-04-18T18:25:19.702966Z	No action needed
vendoriq	8102448551928022172	token3	AWAITING_USER_FEEDBACK	AUTO_REPLIED	2026-04-18T19:33:48.757819Z	Autonomy directive sent
runwaymodeler	5599588315957310133	token3	COMPLETED	SKIP_COMPLETED	2026-04-18T18:58:06.099465Z	No action needed
analyticsbuilder	5596686277710813799	token3	COMPLETED	SKIP_COMPLETED	2026-04-18T19:06:58.039700Z	No action needed
apievolver	12682694301513901491	token3	COMPLETED	SKIP_COMPLETED	2026-04-18T20:22:37.751535Z	No action needed
billingai	14301301555309232959	token3	COMPLETED	SKIP_COMPLETED	2026-04-18T19:17:20.442560Z	No action needed
creatoranalytics	107862949797907765	token3	COMPLETED	SKIP_COMPLETED	2026-04-18T18:34:04.954082Z	No action needed
datacatalogai	13528888444048488929	token3	AWAITING_USER_FEEDBACK	AUTO_REPLIED	2026-04-18T19:43:32.947856Z	Autonomy directive sent
hiresignal	13132581818945273213	token3	COMPLETED	SKIP_COMPLETED	2026-04-18T19:22:41.924142Z	No action needed
interviewos	16450554575545243877	token3	COMPLETED	SKIP_COMPLETED	2026-04-18T19:57:42.307610Z	No action needed
onboardflow	2701662292157094768	token3	FAILED	SKIP_FAILED	2026-04-18T20:29:26.069315Z	No action needed
peopleanalytics	17682853655436853243	token3	COMPLETED	SKIP_COMPLETED	2026-04-18T18:33:48.841135Z	No action needed
retentionsignal	13642470965433378986	token3	FAILED	SKIP_FAILED	2026-04-18T21:31:11.805573Z	No action needed
datagovernanceos	5409177579184119892	token3	FAILED	SKIP_FAILED	2026-04-18T19:13:21.658376Z	No action needed
